Workbook

Sheet 1. Бренди
A1: Матриця брендів — ринок готового рису України
A2: 23 бренди · 84 позиції · зріз 22–23.09.2026. Ціни роздрібні за одну упаковку, без оптових порогів.
A4: Бренд | B4: Країна | C4: Технологія | D4: Формат | E4: SKU | F4: Ціна min, грн | G4: Ціна max, грн | H4: Медіана, грн | I4: Вага min, г | J4: Вага max, г | K4: грн/100 г min | L4: грн/100 г max | M4: Канал
A5: Ben's Original | B5: ЄС | C5: Розігрів | D5: Пауч | E5: 13 | F5: 45 | G5: 179 | H5: 90 | I5: 220 | J5: 250 | K5: 18 | L5: 81 | M5: Мережа + маркетплейс
A6: Маркел | B6: Україна | C6: Розігрів | D6: Пауч | E6: 1 | F6: 94 | G6: 96 | H6: 95 | I6: 350 | J6: 350 | K6: 27 | L6: 27 | M6: Військторг
A7: Portion | B7: Україна | C7: Розігрів | D7: Пауч | E7: 1 | F7: 109 | G7: 109 | H7: 109 | I7: 350 | J7: 350 | K7: 31 | L7: 31 | M7: Маркетплейс
A8: Харчі | B8: Україна | C8: Сублімація | D8: Дойпак | E8: 4 | F8: 83 | G8: 321 | H8: 120 | I8: 85 | J8: 100 | K8: 98 | L8: 321 | M8: Туризм
A9: James Cook | B9: Україна | C9: Сублімація | D9: Дойпак | E9: 4 | F9: 55 | G9: 156 | H9: 133 | I9: 80 | J9: 90 | K9: 61 | L9: 195 | M9: Туризм
A10: !FEST | B10: Україна | C10: Сублімація | D10: Дойпак | E10: 1 | F10: 133 | G10: 140 | H10: 137 | I10: 100 | J10: 100 | K10: 133 | L10: 140 | M10: Туризм
A11: Їжа в Похід | B11: Україна | C11: Сублімація | D11: Дойпак | E11: 2 | F11: 130 | G11: 145 | H11: 138 | I11: 85 | J11: 85 | K11: 153 | L11: 171 | M11: Власний магазин
A12: Henan | B12: Китай | C12: Окріп | D12: Чаша | E12: 8 | F12: 83 | G12: 156 | H12: 140 | I12: 144 | J12: 174 | K12: 58 | L12: 106 | M12: Азійські фудшопи + МП
A13: Bibigo | B13: Корея | C13: Розігрів | D13: Чаша | E13: 1 | F13: 135 | G13: 189 | H13: 162 | I13: 210 | J13: 210 | K13: 64 | L13: 90 | M13: Фудшопи + маркетплейс
A14: Gallina Blanca | B14: ЄС | C14: Окріп | D14: Чаша | E14: 2 | F14: 229 | G14: 229 | H14: 229 | I14: 84 | J14: 84 | K14: 273 | L14: 273 | M14: Спец. магазин
A15: Ottogi | B15: Корея | C15: Розігрів | D15: Чаша | E15: 10 | F15: 225 | G15: 356 | H15: 255 | I15: 217 | J15: 320 | K15: 79 | L15: 130 | M15: Азійські фудшопи
A16: SubliMate | B16: Україна | C16: Сублімація | D16: Дойпак | E16: 3 | F16: 290 | G16: 370 | H16: 310 | I16: 110 | J16: 140 | K16: 221 | L16: 308 | M16: Туризм
... A18: Adventure Menu | B18: ЄС | C18: Розігрів+Субл. | D18: Пауч/Дойпак | E18: 5 | F18: 315 | G18: 483 | H18: 378 | I18: 110 | J18: 400 | K18: 79 | L18: 439 | M18: Туризм
A19: Trek'n Eat | B19: ЄС | C19: Сублімація | D19: Дойпак | E19: 2 | F19: 269 | G19: 715 | H19: 492 | M19: Туризм
A20: Adventure Food | B20: ЄС | C20: Сублімація | D20: Дойпак | E20: 1 | F20: 492 | G20: 492 | H20: 492 | I20: 146 | J20: 146 | K20: 337 | L20: 337 | M20: Туризм
A21: Qiaoshanmei | B21: Китай | C21: Окріп | D21: Пакет | E21: 2 | F21: 501 | G21: 501 | H21: 501 | I21: 146 | J21: 146 | K21: 343 | L21: 343 | M21: Азійський фудшоп
A22: Travellunch | B22: ЄС | C22: Сублімація | D22: Дойпак | E22: 7 | F22: 275 | G22: 889 | H22: 515 | I22: 125 | J22: 250 | K22: 220 | L22: 454 | M22: Туризм
A23: Haidilao | B23: Китай | C23: Саморозігрів | D23: Коробка | E23: 10 | F23: 380 | G23: 1190 | H23: 680 | I23: 165 | J23: 360 | K23: 230 | L23: 371 | M23: Туризм + фудшопи
A24: Mountain House | B24: США | C24: Сублімація | D24: Дойпак | E24: 2 | F24: 699 | G24: 699 | H24: 699 | I24: 110 | J24: 133 | K24: 526 | L24: 635 | M24: Туризм
A25: Zihaiguo | B25: Китай | C25: Саморозігрів | D25: Коробка | E25: 1 | F25: 735 | G25: 735 | H25: 735 | I25: 440 | J25: 440 | K25: 167 | L25: 167 | M25: Азійський фудшоп
A26: Rongcheng Haoji | B26: Китай | C26: Саморозігрів | D26: Коробка | E26: 1 | F26: 735 | G26: 735 | H26: 735 | I26: 440 | J26: 440 | K26: 167 | L26: 167 | M26: Азійський фудшоп
A27: Mo Xiao Xian | B27: Китай | C27: Саморозігрів | D27: Чаша | E27: 2 | F27: 931 | G27: 931 | H27: 931 | I27: 275 | J27: 275 | K27: 339 | L27: 339 | M27: Азійський фудшоп

Sheet 2. Формати
A1: Аналітика форматів упаковки
A2: Розподіл 84 позицій. грн/100 г = медіана ціни формату / медіану ваги формату.
A4: Формат | B4: Позицій | C4: Частка позицій | D4: Брендів | E4: Медіана ціни, грн | F4: Ціна min | G4: Ціна max | H4: Медіана ваги, г | I4: грн/100 г | J4: Коментар
A5: Пауч · реторт | B5: 19 | C5: 0.23 | D5: 5 | E5: 109 | F5: 45 | G5: 376 | H5: 250 | I5: =E5/H5*100 | J5: Формат мережевої полиці. Найнижча ціна входу в категорію.
A6: Чаша · стакан | B6: 23 | C6: 0.27 | D6: 5 | E6: 229 | F6: 83 | G6: 931 | H6: 218 | I6: =E6/H6*100 | J6: Формат азійського каналу. Прямі конкуренти Ottogi і Henan.
A7: Дойпак · сублімат | B7: 30 | C7: 0.36 | D7: 11 | E7: 315 | F7: 55 | G7: 889 | H7: 110 | I7: =E7/H7*100 | J7: Формат туристичного каналу. Потребує окропу, не полиця.
A8: Коробка з нагрівачем | B8: 12 | C8: 0.14 | D8: 3 | E8: 708 | F8: 380 | G8: 1190 | H8: 230 | I8: =E8/H8*100 | J8: Найдорожчий формат. Купується як подарунок або в дорогу.
A10: Висновок
A11: Дойпак лідирує за кількістю позицій (36 %), але це артефакт туристичного каналу. За ціною для покупця виграє пауч: 109 грн проти 315 грн.

Sheet 3. Наша лінійка
A1: Наша лінійка проти ринку — 32 SKU
A2: Полиця розрахована за фінмоделлю. Жовті клітинки на аркуші «5. Калькулятор» керують розрахунком.
A4: Група | B4: SKU | C4: Вага, г | D4: Постачальник | E4: Формат | F4: СС 20′ FCL, $ | G4: СС 40′ FCL, $ | H4: СС 20′, грн | I4: Ціна партнеру, грн | J4: Бонус мережі, грн | K4: Полиця 20′, грн | L4: Полиця 40′, грн | M4: грн/100 г | N4: Ринковий орієнтир | O4: Позиція
A5: BSCM — пауч 240 г | B5: Jasmine Rice | C5: 240 | D5: BSCM | E5: Пауч | F5: 0.99541861 | G5: 0.89231565 | H5: =F5*'5. Калькулятор'!$B$4 | I5: =H5/'5. Калькулятор'!$B$8 | J5: =I5*'5. Калькулятор'!$B$5 | K5: =I5*'5. Калькулятор'!$B$7 | L5: =G5*'5. Калькулятор'!$B$4/'5. Калькулятор'!$B$8*'5. Калькулятор'!$B$7 | M5: =K5/C5*100 | N5: Ben's 45–179 · медіана 90 | O5: =IF(K5<=180,IF(K5<=109,"у низу вікна полиці","у вікні полиці 45–180"),"вище вікна полиці")
A6: BSCM — пауч 240 г | B6: Mexican Rice | C6: 240 | D6: BSCM | E6: Пауч | F6: 1.137621 | G6: 1.0197892 | H6: =F6*'5. Калькулятор'!$B$4 | I6: =H6/'5. Калькулятор'!$B$8 | J6: =I6*'5. Калькулятор'!$B$5 | K6: =I6*'5. Калькулятор'!$B$7 | L6: =G6*'5. Калькулятор'!$B$4/'5. Калькулятор'!$B$8*'5. Калькулятор'!$B$7 | M6: =K6/C6*100 | N6: Ben's 45–179 · медіана 90 | O6: =IF(K6<=180,IF(K6<=109,"у низу вікна полиці","у вікні полиці 45–180"),"вище вікна полиці")
A7: BSCM — пауч 240 г | B7: Japanese Style Rice | C7: 240 | D7: BSCM | E7: Пауч | F7: 1.137621 | G7: 1.0197892 | H7: =F7*'5. Калькулятор'!$B$4 | I7: =H7/'5. Калькулятор'!$B$8 | J7: =I7*'5. Калькулятор'!$B$5 | K7: =I7*'5. Калькулятор'!$B$7 | L7: =G7*'5. Калькулятор'!$B$4/'5. Калькулятор'!$B$8*'5. Калькулятор'!$B$7 | M7: =K7/C7*100 | N7: Ben's 45–179 · медіана 90 | O7: =IF(K7<=180,IF(K7<=109,"у низу вікна полиці","у вікні полиці 45–180"),"вище вікна полиці")
A8: BSCM — пауч 240 г | B8: Hot and Spicy Rice | C8: 240 | D8: BSCM | E8: Пауч | F8: 1.2798234 | G8: 1.1472628 | H8: =F8*'5. Калькулятор'!$B$4 | I8: =H8/'5. Калькулятор'!$B$8 | J8: =I8*'5. Калькулятор'!$B$5 | K8: =I8*'5. Калькулятор'!$B$7 | L8: =G8*'5. Калькулятор'!$B$4/'5. Калькулятор'!$B$8*'5. Калькулятор'!$B$7 | M8: =K8/C8*100 | N8: Ben's 45–179 · медіана 90 | O8: =IF(K8<=180,IF(K8<=109,"у низу вікна полиці","у вікні полиці 45–180"),"вище вікна полиці")
A9: BSCM — пауч 200 г | B9: Jasmine Rice (Pathum) | C9: 200 | D9: BSCM | E9: Пауч | F9: 0.95255622 | G9: 0.84609579 | H9: =F9*'5. Калькулятор'!$B$4 | I9: =H9/'5. Калькулятор'!$B$8 | J9: =I9*'5. Калькулятор'!$B$5 | K9: =I9*'5. Калькулятор'!$B$7 | L9: =G9*'5. Калькулятор'!$B$4/'5. Калькулятор'!$B$8*'5. Калькулятор'!$B$7 | M9: =K9/C9*100 | N9: Ben's 45–179 · медіана 90 | O9: =IF(K9<=180,IF(K9<=109,"у низу вікна полиці","у вікні полиці 45–180"),"вище вікна полиці")
A10: BSCM — пауч 200 г | B10: Mexican Rice | C10: 200 | D10: BSCM | E10: Пауч | F10: 1.0737904 | G10: 0.95378061 | H10: =F10*'5. Калькулятор'!$B$4 | I10: =H10/'5. Калькулятор'!$B$8 | J10: =I10*'5. Калькулятор'!$B$5 | K10: =I10*'5. Калькулятор'!$B$7 | L10: =G10*'5. Калькулятор'!$B$4/'5. Калькулятор'!$B$8*'5. Калькулятор'!$B$7 | M10: =K10/C10*100 | N10: Ben's 45–179 · медіана 90 | O10: =IF(K10<=180,IF(K10<=109,"у низу вікна полиці","у вікні полиці 45–180"),"вище вікна полиці")
A11: BSCM — пауч 200 г | B11: Japanese Style Rice | C11: 200 | D11: BSCM | E11: Пауч | F11: 1.0737904 | G11: 0.95378061 | H11: =F11*'5. Калькулятор'!$B$4 | I11: =H11/'5. Калькулятор'!$B$8 | J11: =I11*'5. Калькулятор'!$B$5 | K11: =I11*'5. Калькулятор'!$B$7 | L11: =G11*'5. Калькулятор'!$B$4/'5. Калькулятор'!$B$8*'5. Калькулятор'!$B$7 | M11: =K11/C11*100 | N11: Ben's 45–179 · медіана 90 | O11: =IF(K11<=180,IF(K11<=109,"у низу вікна полиці","у вікні полиці 45–180"),"вище вікна полиці")
A12: BSCM — пауч 200 г | B12: Hot and Spicy Rice | C12: 200 | D12: BSCM | E12: Пауч | F12: 1.1777055 | G12: 1.0460819 | H12: =F12*'5. Калькулятор'!$B$4 | I12: =H12/'5. Калькулятор'!$B$8 | J12: =I12*'5. Калькулятор'!$B$5 | K12: =I12*'5. Калькулятор'!$B$7 | L12: =G12*'5. Калькулятор'!$B$4/'5. Калькулятор'!$B$8*'5. Калькулятор'!$B$7 | M12: =K12/C12*100 | N12: Ben's 45–179 · медіана 90 | O12: =IF(K12<=180,IF(K12<=109,"у низу вікна полиці","у вікні полиці 45–180"),"вище вікна полиці")
A13: BSCM — пауч 150 г | B13: Jasmine Rice (Pathum) | C13: 150 | D13: BSCM | E13: Пауч | F13: 0.84284997 | G13: 0.73886643 | H13: =F13*'5. Калькулятор'!$B$4 | I13: =H13/'5. Калькулятор'!$B$8 | J13: =I13*'5. Калькулятор'!$B$5 | K13: =I13*'5. Калькулятор'!$B$7 | L13: =G13*'5. Калькулятор'!$B$4/'5. Калькулятор'!$B$8*'5. Калькулятор'!$B$7 | M13: =K13/C13*100 | N13: Ben's 45–179 · медіана 90 | O13: =IF(K13<=180,IF(K13<=109,"у низу вікна полиці","у вікні полиці 45–180"),"вище вікна полиці")
A14: BSCM — пауч 150 г | B14: Mexican Rice | C14: 150 | D14: BSCM | E14: Пауч | F14: 0.98109493 | G14: 0.86005604 | H14: =F14*'5. Калькулятор'!$B$4 | I14: =H14/'5. Калькулятор'!$B$8 | J14: =I14*'5. Калькулятор'!$B$5 | K14: =I14*'5. Калькулятор'!$B$7 | L14: =G14*'5. Калькулятор'!$B$4/'5. Калькулятор'!$B$8*'5. Калькулятор'!$B$7 | M14: =K14/C14*100 | N14: Ben's 45–179 · медіана 90 | O14: =IF(K14<=180,IF(K14<=109,"у низу вікна полиці","у вікні полиці 45–180"),"вище вікна полиці")
A15: BSCM — пауч 150 г | B15: Japanese Style Rice | C15: 150 | D15: BSCM | E15: Пауч | F15: 0.98109493 | G15: 0.86005604 | H15: =F15*'5. Калькулятор'!$B$4 | I15: =H15/'5. Калькулятор'!$B$8 | J15: =I15*'5. Калькулятор'!$B$5 | K15: =I15*'5. Калькулятор'!$B$7 | L15: =G15*'5. Калькулятор'!$B$4/'5. Калькулятор'!$B$8*'5. Калькулятор'!$B$7 | M15: =K15/C15*100 | N15: Ben's 45–179 · медіана 90 | O15: =IF(K15<=180,IF(K15<=109,"у низу вікна полиці","у вікні полиці 45–180"),"вище вікна полиці")
A16: BSCM — пауч 150 г | B16: Hot and Spicy Rice | C16: 150 | D16: BSCM | E16: Пауч | F16: 1.0702852 | G16: 0.93824289 | H16: =F16*'5. Калькулятор'!$B$4 | I16: =H16/'5. Калькулятор'!$B$8 | J16: =I16*'5. Калькулятор'!$B$5 | K16: =I16*'5. Калькулятор'!$B$7 | L16: =G16*'5. Калькулятор'!$B$4/'5. Калькулятор'!$B$8*'5. Калькулятор'!$B$7 | M16: =K16/C16*100 | N16: Ben's 45–179 · медіана 90 | O16: =IF(K16<=180,IF(K16<=109,"у низу вікна полиці","у вікні полиці 45–180"),"вище вікна полиці")
... A36: ONE'S / KBROS — лоток | B36: Cooked White Rice | C36: 210 | D36: ONE'S | E36: Лоток | F36: 0.97147642 | G36: 0.89499473 | H36: =F36*'5. Калькулятор'!$B$4 | I36: =H36/'5. Калькулятор'!$B$8 | J36: =I36*'5. Калькулятор'!$B$5 | K36: =I36*'5. Калькулятор'!$B$7 | L36: =G36*'5. Калькулятор'!$B$4/'5. Калькулятор'!$B$8*'5. Калькулятор'!$B$7 | M36: =K36/C36*100 | N36: Bibigo 135–189 | O36: =IF(K36<=180,IF(K36<=109,"у низу вікна полиці","у вікні полиці 45–180"),"вище вікна полиці")

Sheet 4. Канали
A1: Канали продажу: точка продажу × покупець
A2: Дві різні осі. Кількість точок продажу не дорівнює релевантності каналу для нас.
A4: Канал | B4: Тип точки продажу | C4: Точок | D4: Покупець і привід споживання | E4: Статус для нас | F4: Продавці
A5: Продуктовий роздріб | B5: Мережі національного покриття | C5: 1 | D5: Масовий покупець · щоденне харчування | E5: ЦІЛЬОВИЙ КАНАЛ | F5: Сільпо
A6: Онлайн-маркетплейси | B6: Універсальні майданчики | C6: 3 | D6: Масовий покупець · плановане замовлення | E6: ЦІЛЬОВИЙ КАНАЛ | F6: MAUDAU · Rozetka · Prom
A7: Спеціалізований фудрітейл | B7: Азійські та етнічні магазини | C7: 20 | D7: Покупець азійської кухні · знає категорію | E7: ЦІЛЬОВИЙ КАНАЛ · ВХІД | F7: Смак Кореї · Тайякі Март · Pulsar · Апетітаріум · Gurmissimo · Edison Lee · OMG! Asia · СНЕКІС · DCM · Скарби Азії · AsiaStyle · ASIA FOODS · Wèi Māo · AsianFoods · Asia Goods Store · SushiPovar · KladezGroup · Sweet Svitt · Товари з Іспанії · Asia Foods Trade
A8: Outdoor- і мілітарі-рітейл | B8: Туристичні та військові магазини | C8: 40 | D8: Турист і військовий · автономне харчування | E8: НЕ НАШ ПОКУПЕЦЬ | F8: ALANTUR · Highlander · ForCamp · Гайдамака · Freeride · MK-Sport · Daruy · Tactico · Лєєр · Activity та ще ~30
A10: Мережі без жодної позиції категорії
A11: АТБ, Novus, METRO, Varus, Ашан, Fora, «Таврія В», МегаМаркет, ЕКО маркет, Ultramarket, Восторг, Космос, WineTime, Фуршет, Близенько, Точка, Рукавичка
A13: Агрегатори (у підрахунок точок продажу не входять)
A14: zakaz.ua — 17 мереж · GoToShop — 8 мереж

Sheet 4b. Формат x грамаж
A1: Модель формату і ваги — крос-таб 84 позицій
A2: Скільки позицій категорії має цей формат у цій ваговій смузі. 2 позиції без маси виключено.
A4: Формат | B4: 80–99 г | C4: 100–149 г | D4: 150–199 г | E4: 200–249 г | F4: 250–299 г | G4: 300–349 г | H4: 350+ г | I4: Разом
A5: Пауч · реторт | E5: 8 | F5: 6 | H5: 5 | I5: =SUM(B5:H5)
A6: Чаша · стакан | B6: 2 | C6: 3 | D6: 5 | E6: 3 | F6: 5 | G6: 5 | I6: =SUM(B6:H6)
A7: Дойпак · сублімат | B7: 9 | C7: 16 | F7: 3 | I7: =SUM(B7:H7)
A8: Коробка з нагрівачем | D8: 6 | F8: 3 | H8: 3 | I8: =SUM(B8:H8)
A9: Разом | B9: =SUM(B5:B8) | C9: =SUM(C5:C8) | D9: =SUM(D5:D8) | E9: =SUM(E5:E8) | F9: =SUM(F5:F8) | G9: =SUM(G5:G8) | H9: =SUM(H5:H8)
A11: Медіана грн/100 г у смузі | B11: 171 | C11: 264 | D11: 348 | E11: 50 | F11: 94 | G11: 104 | H11: 30
A13: Що показує крос-таб
A14: 1. Порційне вікно 200–299 г — 22 позиції (пауч 14, чаша 8). Це полиця «обід на одну людину».
A15: 2. Пауч живе тільки в 220–250 г: 14 із 19 позицій. Поза вікном — лише український реторт 350 г.
A16: 3. Найщільніша клітинка — дойпак 100–149 г (16 позицій), але це сухий сублімат: інший привід.
A17: 4. Найдешевший грам — смуга 200–249 г: 50 грн за 100 г, мінімум по всіх вагах.

Sheet 5. Калькулятор
A1: Калькулятор цілі: яка ціна потрібна від постачальника
A2: Змінюйте жовті клітинки. Усі інші аркуші перераховуються автоматично.
A4: Курс, грн/$ | B4: 45
A5: Бонус мережі, % | B5: 0.25
A6: Цільова маржа, % | B6: 0.35
A7: Націнка мережі (x) | B7: 1.4
A8: Частка ціни для собівартості | B8: =1-B5-B6
A9: Коеф. FOB → СС, 20′ FCL | B9: 1.7074076
A10: Коеф. FOB → СС, 40′ FCL | B10: 1.5305586
A11: Полиця = СС_грн × націнка / частка_СС
A12: Множник СС → полиця | B12: =B7/B8
A13: Множник FOB → полиця, 20′ FCL | B13: =B9*B4*B12
A14: Множник FOB → полиця, 40′ FCL | B14: =B10*B4*B12
A17: Цільова полиця, грн | B17: Що це на ринку | C17: Потрібна СС, грн | D17: Потрібна СС, $ | E17: Потрібен FOB 20′, $ | F17: Потрібен FOB 40′, $
A18: 98.4 | B18: Ben's Original медіана 41 грн/100 г при 240 г | C18: =A18/$B$12 | D18: =C18/$B$4 | E18: =A18/$B$13 | F18: =A18/$B$14
A19: 109 | B19: Медіана формату «пауч» — найдешевший вхід у мережу | C19: =A19/$B$12 | D19: =C19/$B$4 | E19: =A19/$B$13 | F19: =A19/$B$14
A20: 119 | B20: Агресивний сценарій для стакана 150 г | C20: =A20/$B$12 | D20: =C20/$B$4 | E20: =A20/$B$13 | F20: =A20/$B$14
A21: 129 | B21: РЕКОМЕНДОВАНО для стакана 150 г — нижче Henan-медіани | C21: =A21/$B$12 | D21: =C21/$B$4 | E21: =A21/$B$13 | F21: =A21/$B$14
A22: 139 | B22: Поточна полиця стакана 150 г без переговорів | C22: =A22/$B$12 | D22: =C22/$B$4 | E22: =A22/$B$13 | F22: =A22/$B$14
A23: 155 | B23: Паритет із Bibigo 210 г (135–189 грн) | C23: =A23/$B$12 | D23: =C23/$B$4 | E23: =A23/$B$13 | F23: =A23/$B$14
A24: 179 | B24: Верх вікна мережевої полиці | C24: =A24/$B$12 | D24: =C24/$B$4 | E24: =A24/$B$13 | F24: =A24/$B$14
A25: 199 | B25: Ottogi −22 % — стеля для лотка ONE'S 200 г | C25: =A25/$B$12 | D25: =C25/$B$4 | E25: =A25/$B$13 | F25: =A25/$B$14
A27: Правило для переговорів
A28: Кожні $0,10 зниження FOB знімають ~27 грн з полиці (20′ FCL). Перехід із 20′ на 40′ FCL дає ~−11 % собівартості без переговорів із постачальником.

Sheet 6. Застереження
A1: Що тут факт, що припущення, а що оцінка
A2: Читати до використання цифр у переговорах.
A4: Показник | B4: Статус | C4: Джерело / метод | D4: Вплив, якщо хибне
A5: Ціни конкурентів на полиці | B5: ФАКТ | C5: Картки продавців, 17 мереж zakaz.ua, «Сільпо», Prom, Rozetka, MAUDAU, 22–23.09.2026 | D5: —
A6: Формати, ваги, кількість SKU | B6: ФАКТ | C6: Картки продавців. 2 позиції без маси виключено з грн/100 г | D6: Незначний
A7: Обсяг імпорту 182 т | B7: ФАКТ | C7: Eurostat Comext CN 1904 90 10 + UN Comtrade | D7: —
A8: Ємність роздрібу 87–110 млн грн | B8: ОЦІНКА | C8: Імпорт × 2,2–2,8. Заміряних продажів немає | D8: Похибка ±30 % у бізнес-кейсі
A9: Собівартість BSCM і CM Premium | B9: ФАКТ | C9: Комерційні пропозиції, RTE_Rice_Suppliers.pptx | D9: —
A10: FOB ONE'S International | B10: ОЦІНКА | C10: Виведено з СС за коефіцієнтом 1,7074. Постачальник FOB не розкрив | D10: Рекомендація по Fried Rice 200 г може бути хибною
A11: Коеф. FOB → СС = 1,7074 | B11: РОЗРАХУНОК | C11: СС / FOB для BSCM Jasmine 240 г, перевірено на 15 SKU | D11: Зсув усіх цільових FOB
A12: Мито 10 % у собівартості | B12: ПРИПУЩЕННЯ | C12: Зазначено в RTE_Rice_Suppliers. Первинне джерело не наведено | D12: ±27 грн на полиці
A13: Імпортний ПДВ 20 % у СС | B13: РИЗИК | C13: Ймовірне задвоєння: ПДВ і у витратах, і в ціні «вже з ПДВ» | D13: СС −16,7 %, полиця пауча 157 → 131 грн
A14: Бонус мережі 25 % | B14: ПРИПУЩЕННЯ | C14: Взято з прикладу по локшині. Умови «Сільпо» не запитані | D14: За 30 % полиця +17 %
A15: «Маржа 35 %» | B15: ВИЗНАЧЕННЯ | C15: Валова націнка. Не містить ФОП, маркетингу, лістингу, списань | D15: Не є чистою рентабельністю
A16: Оборотність Ben's у «Сільпо» | B16: НЕМАЄ ДАНИХ | C16: Мережа обсягів не віддає | D16: Неможливо порахувати план продажів
