Workbook

Sheet Финансовая модель - Ціни
B1: Снеки (норі). Ціна партнеру та полиця за прикладом рису
B2: Сценарій поставки | D2: Найдешевший | E2: Сценарій з випадаючого списку; «Найдешевший» = мінімум із 4 сценаріїв для кожного SKU (як у презентації).
B3: Курс, грн/$ | D3: 45 | E3: Курс 45 — з Self-Cost_Snacks.
B4: Бонуси мережі, % | D4: 0.25 | E4: Бонус 25%; полиця = ціна партнера × 1,40.
B5: Цільова маржа, % | D5: 0.35 | E5: 35% = (ціна партнеру − собівартість − бонус) / повна ціна партнеру.
B6: Націнка мережі (x) | D6: 1.4 | E6: Прибуток після бонусу = ціна партнеру − собівартість − бонус мережі.
B7: Ціна партнера | D7: вже з ПДВ | E7: ПДВ як у прикладі рису: СС збережено повністю; ціна вже з ПДВ. Множення на 1,20 немає.
B8: Частка ціни для собівартості | D8: =IF(AND(COUNT(D3:D6)=4,D3>0,D4>=0,D5>=0,D4+D5<1,D6>0),1-D4-D5,NA()) | E8: 100% − бонус − маржа. За поточних умов: 100% − 25% − 35% = 40%.
A9: ТОВАР | F9: СОБІВАРТІСТЬ | H9: ЦІНА ПАРТНЕРУ ТА ПРИБУТОК | L9: ПОЛИЦЯ | M9: МОДЕЛЬ: НУЛЬОВА МАРЖА | O9: ПРИБУТОК З ОДНІЄЇ УПАКОВКИ | Q9: 0.3 | V9: 0.25 | AA9: 0.2 | AF9: 0.15
A10: № | B10: Производитель | C10: Група | D10: Позиція | E10: Вага, г | F10: СС, $/уп. | G10: 1. СС, грн/уп. | H10: 2. Ціна партнеру з ПДВ | I10: 3. Бонус мережі, грн | J10: 4. Прибуток після бонусу, грн | K10: 5. Маржа за прикладом | L10: 6. Полиця з ПДВ, грн | M10: Мін. ціна партнеру | N10: Мін. полиця | O10: Валовий прибуток за прикладом, до бонусу, грн/уп. | P10: Прибуток після бонусу за прикладом, грн/уп. | Q10: Ціна партнеру з ПДВ, грн | R10: Бонус мережі, грн | S10: Прибуток після бонусу, грн | T10: Перевірка маржі | U10: Полиця з ПДВ, грн | V10: Ціна партнеру з ПДВ, грн | W10: Бонус мережі, грн | X10: Прибуток після бонусу, грн | Y10: Перевірка маржі | Z10: Полиця з ПДВ, грн | AA10: Ціна партнеру з ПДВ, грн | AB10: Бонус мережі, грн | AC10: Прибуток після бонусу, грн | AD10: Перевірка маржі | AE10: Полиця з ПДВ, грн | AF10: Ціна партнеру з ПДВ, грн | AG10: Бонус мережі, грн | AH10: Прибуток після бонусу, грн | AI10: Перевірка маржі | AJ10: Полиця з ПДВ, грн
A11: 1 | B11: Singha Kameda (Таїланд) | C11: Singha Kameda — Arare Norimaki 42 г | D11: Arare Norimaki — Arare Norimaki Original | E11: 42 | F11: =IF($D$2="Найдешевший",MIN(СС_база!$E4:$H4),INDEX(СС_база!$E4:$H4,1,MATCH($D$2,СС_база!$E$3:$H$3,0))) | G11: =IF(AND(ISNUMBER(F11),ISNUMBER($D$8)),F11*$D$3,NA()) | H11: =G11/$D$8 | I11: =H11*$D$4 | J11: =H11-G11-I11 | K11: =J11/H11 | L11: =H11*$D$6 | M11: =G11/(1-$D$4) | N11: =M11*$D$6 | O11: =H11-G11 | P11: =O11-I11 | Q11: =$G11/(1-$D$4-$Q$9) | R11: =Q11*$D$4 | S11: =Q11-$G11-R11 | T11: =S11/Q11 | U11: =Q11*$D$6 | V11: =$G11/(1-$D$4-$V$9) | W11: =V11*$D$4 | X11: =V11-$G11-W11 | Y11: =X11/V11 | Z11: =V11*$D$6 | AA11: =$G11/(1-$D$4-$AA$9) | AB11: =AA11*$D$4 | AC11: =AA11-$G11-AB11 | AD11: =AC11/AA11 | AE11: =AA11*$D$6 | AF11: =$G11/(1-$D$4-$AF$9) | AG11: =AF11*$D$4 | AH11: =AF11-$G11-AG11 | AI11: =AH11/AF11 | AJ11: =AF11*$D$6
A12: 2 | B12: Singha Kameda (Таїланд) | C12: Singha Kameda — Arare Norimaki 42 г | D12: Arare Norimaki — Arare Norimaki Wasabi | E12: 42 | F12: =IF($D$2="Найдешевший",MIN(СС_база!$E5:$H5),INDEX(СС_база!$E5:$H5,1,MATCH($D$2,СС_база!$E$3:$H$3,0))) | G12: =IF(AND(ISNUMBER(F12),ISNUMBER($D$8)),F12*$D$3,NA()) | H12: =G12/$D$8 | I12: =H12*$D$4 | J12: =H12-G12-I12 | K12: =J12/H12 | L12: =H12*$D$6 | M12: =G12/(1-$D$4) | N12: =M12*$D$6 | O12: =H12-G12 | P12: =O12-I12 | Q12: =$G12/(1-$D$4-$Q$9) | R12: =Q12*$D$4 | S12: =Q12-$G12-R12 | T12: =S12/Q12 | U12: =Q12*$D$6 | V12: =$G12/(1-$D$4-$V$9) | W12: =V12*$D$4 | X12: =V12-$G12-W12 | Y12: =X12/V12 | Z12: =V12*$D$6 | AA12: =$G12/(1-$D$4-$AA$9) | AB12: =AA12*$D$4 | AC12: =AA12-$G12-AB12 | AD12: =AC12/AA12 | AE12: =AA12*$D$6 | AF12: =$G12/(1-$D$4-$AF$9) | AG12: =AF12*$D$4 | AH12: =AF12-$G12-AG12 | AI12: =AH12/AF12 | AJ12: =AF12*$D$6
A13: 3 | B13: Thai-Nichi (Таїланд) | C13: Thai-Nichi — Mizuho Norimaki 50 г | D13: Mizuho · Norimaki — Norimaki Original | E13: 50 | F13: =IF($D$2="Найдешевший",MIN(СС_база!$E6:$H6),INDEX(СС_база!$E6:$H6,1,MATCH($D$2,СС_база!$E$3:$H$3,0))) | G13: =IF(AND(ISNUMBER(F13),ISNUMBER($D$8)),F13*$D$3,NA()) | H13: =G13/$D$8 | I13: =H13*$D$4 | J13: =H13-G13-I13 | K13: =J13/H13 | L13: =H13*$D$6 | M13: =G13/(1-$D$4) | N13: =M13*$D$6 | O13: =H13-G13 | P13: =O13-I13 | Q13: =$G13/(1-$D$4-$Q$9) | R13: =Q13*$D$4 | S13: =Q13-$G13-R13 | T13: =S13/Q13 | U13: =Q13*$D$6 | V13: =$G13/(1-$D$4-$V$9) | W13: =V13*$D$4 | X13: =V13-$G13-W13 | Y13: =X13/V13 | Z13: =V13*$D$6 | AA13: =$G13/(1-$D$4-$AA$9) | AB13: =AA13*$D$4 | AC13: =AA13-$G13-AB13 | AD13: =AC13/AA13 | AE13: =AA13*$D$6 | AF13: =$G13/(1-$D$4-$AF$9) | AG13: =AF13*$D$4 | AH13: =AF13-$G13-AG13 | AI13: =AH13/AF13 | AJ13: =AF13*$D$6
A14: 4 | B14: Thai-Nichi (Таїланд) | C14: Thai-Nichi — Mizuho Norimaki 55 г | D14: Mizuho · Norimaki — Norimaki Wasabi | E14: 55 | F14: =IF($D$2="Найдешевший",MIN(СС_база!$E7:$H7),INDEX(СС_база!$E7:$H7,1,MATCH($D$2,СС_база!$E$3:$H$3,0))) | G14: =IF(AND(ISNUMBER(F14),ISNUMBER($D$8)),F14*$D$3,NA()) | H14: =G14/$D$8 | I14: =H14*$D$4 | J14: =H14-G14-I14 | K14: =J14/H14 | L14: =H14*$D$6 | M14: =G14/(1-$D$4) | N14: =M14*$D$6 | O14: =H14-G14 | P14: =O14-I14 | Q14: =$G14/(1-$D$4-$Q$9) | R14: =Q14*$D$4 | S14: =Q14-$G14-R14 | T14: =S14/Q14 | U14: =Q14*$D$6 | V14: =$G14/(1-$D$4-$V$9) | W14: =V14*$D$4 | X14: =V14-$G14-W14 | Y14: =X14/V14 | Z14: =V14*$D$6 | AA14: =$G14/(1-$D$4-$AA$9) | AB14: =AA14*$D$4 | AC14: =AA14-$G14-AB14 | AD14: =AC14/AA14 | AE14: =AA14*$D$6 | AF14: =$G14/(1-$D$4-$AF$9) | AG14: =AF14*$D$4 | AH14: =AF14-$G14-AG14 | AI14: =AH14/AF14 | AJ14: =AF14*$D$6
A15: 5 | B15: TMK Thailand / KOKIRI | C15: TMK — KOKIRI Wow 2,5 г | D15: KOKIRI Wow — Wow ROLL Original | E15: 2.5 | F15: =IF($D$2="Найдешевший",MIN(СС_база!$E8:$H8),INDEX(СС_база!$E8:$H8,1,MATCH($D$2,СС_база!$E$3:$H$3,0))) | G15: =IF(AND(ISNUMBER(F15),ISNUMBER($D$8)),F15*$D$3,NA()) | H15: =G15/$D$8 | I15: =H15*$D$4 | J15: =H15-G15-I15 | K15: =J15/H15 | L15: =H15*$D$6 | M15: =G15/(1-$D$4) | N15: =M15*$D$6 | O15: =H15-G15 | P15: =O15-I15 | Q15: =$G15/(1-$D$4-$Q$9) | R15: =Q15*$D$4 | S15: =Q15-$G15-R15 | T15: =S15/Q15 | U15: =Q15*$D$6 | V15: =$G15/(1-$D$4-$V$9) | W15: =V15*$D$4 | X15: =V15-$G15-W15 | Y15: =X15/V15 | Z15: =V15*$D$6 | AA15: =$G15/(1-$D$4-$AA$9) | AB15: =AA15*$D$4 | AC15: =AA15-$G15-AB15 | AD15: =AC15/AA15 | AE15: =AA15*$D$6 | AF15: =$G15/(1-$D$4-$AF$9) | AG15: =AF15*$D$4 | AH15: =AF15-$G15-AG15 | AI15: =AH15/AF15 | AJ15: =AF15*$D$6
A16: 6 | B16: TMK Thailand / KOKIRI | C16: TMK — KOKIRI Wow 2,5 г | D16: KOKIRI Wow — Wow ROLL Hot Spicy | E16: 2.5 | F16: =IF($D$2="Найдешевший",MIN(СС_база!$E9:$H9),INDEX(СС_база!$E9:$H9,1,MATCH($D$2,СС_база!$E$3:$H$3,0))) | G16: =IF(AND(ISNUMBER(F16),ISNUMBER($D$8)),F16*$D$3,NA()) | H16: =G16/$D$8 | I16: =H16*$D$4 | J16: =H16-G16-I16 | K16: =J16/H16 | L16: =H16*$D$6 | M16: =G16/(1-$D$4) | N16: =M16*$D$6 | O16: =H16-G16 | P16: =O16-I16 | Q16: =$G16/(1-$D$4-$Q$9) | R16: =Q16*$D$4 | S16: =Q16-$G16-R16 | T16: =S16/Q16 | U16: =Q16*$D$6 | V16: =$G16/(1-$D$4-$V$9) | W16: =V16*$D$4 | X16: =V16-$G16-W16 | Y16: =X16/V16 | Z16: =V16*$D$6 | AA16: =$G16/(1-$D$4-$AA$9) | AB16: =AA16*$D$4 | AC16: =AA16-$G16-AB16 | AD16: =AC16/AA16 | AE16: =AA16*$D$6 | AF16: =$G16/(1-$D$4-$AF$9) | AG16: =AF16*$D$4 | AH16: =AF16-$G16-AG16 | AI16: =AH16/AF16 | AJ16: =AF16*$D$6
A17: 7 | B17: TMK Thailand / KOKIRI | C17: TMK — KOKIRI Wow 2,5 г | D17: KOKIRI Wow — Wow ROLL Spicy Squid | E17: 2.5 | F17: =IF($D$2="Найдешевший",MIN(СС_база!$E10:$H10),INDEX(СС_база!$E10:$H10,1,MATCH($D$2,СС_база!$E$3:$H$3,0))) | G17: =IF(AND(ISNUMBER(F17),ISNUMBER($D$8)),F17*$D$3,NA()) | H17: =G17/$D$8 | I17: =H17*$D$4 | J17: =H17-G17-I17 | K17: =J17/H17 | L17: =H17*$D$6 | M17: =G17/(1-$D$4) | N17: =M17*$D$6 | O17: =H17-G17 | P17: =O17-I17 | Q17: =$G17/(1-$D$4-$Q$9) | R17: =Q17*$D$4 | S17: =Q17-$G17-R17 | T17: =S17/Q17 | U17: =Q17*$D$6 | V17: =$G17/(1-$D$4-$V$9) | W17: =V17*$D$4 | X17: =V17-$G17-W17 | Y17: =X17/V17 | Z17: =V17*$D$6 | AA17: =$G17/(1-$D$4-$AA$9) | AB17: =AA17*$D$4 | AC17: =AA17-$G17-AB17 | AD17: =AC17/AA17 | AE17: =AA17*$D$6 | AF17: =$G17/(1-$D$4-$AF$9) | AG17: =AF17*$D$4 | AH17: =AF17-$G17-AG17 | AI17: =AH17/AF17 | AJ17: =AF17*$D$6
A18: 8 | B18: TMK Thailand / KOKIRI | C18: TMK — KOKIRI Wow 5 г | D18: KOKIRI Wow — Wow DOUBLE ROLL Original | E18: 5 | F18: =IF($D$2="Найдешевший",MIN(СС_база!$E11:$H11),INDEX(СС_база!$E11:$H11,1,MATCH($D$2,СС_база!$E$3:$H$3,0))) | G18: =IF(AND(ISNUMBER(F18),ISNUMBER($D$8)),F18*$D$3,NA()) | H18: =G18/$D$8 | I18: =H18*$D$4 | J18: =H18-G18-I18 | K18: =J18/H18 | L18: =H18*$D$6 | M18: =G18/(1-$D$4) | N18: =M18*$D$6 | O18: =H18-G18 | P18: =O18-I18 | Q18: =$G18/(1-$D$4-$Q$9) | R18: =Q18*$D$4 | S18: =Q18-$G18-R18 | T18: =S18/Q18 | U18: =Q18*$D$6 | V18: =$G18/(1-$D$4-$V$9) | W18: =V18*$D$4 | X18: =V18-$G18-W18 | Y18: =X18/V18 | Z18: =V18*$D$6 | AA18: =$G18/(1-$D$4-$AA$9) | AB18: =AA18*$D$4 | AC18: =AA18-$G18-AB18 | AD18: =AC18/AA18 | AE18: =AA18*$D$6 | AF18: =$G18/(1-$D$4-$AF$9) | AG18: =AF18*$D$4 | AH18: =AF18-$G18-AG18 | AI18: =AH18/AF18 | AJ18: =AF18*$D$6
A19: 9 | B19: TMK Thailand / KOKIRI | C19: TMK — KOKIRI Wow 5 г | D19: KOKIRI Wow — Wow DOUBLE ROLL Hot Spicy | E19: 5 | F19: =IF($D$2="Найдешевший",MIN(СС_база!$E12:$H12),INDEX(СС_база!$E12:$H12,1,MATCH($D$2,СС_база!$E$3:$H$3,0))) | G19: =IF(AND(ISNUMBER(F19),ISNUMBER($D$8)),F19*$D$3,NA()) | H19: =G19/$D$8 | I19: =H19*$D$4 | J19: =H19-G19-I19 | K19: =J19/H19 | L19: =H19*$D$6 | M19: =G19/(1-$D$4) | N19: =M19*$D$6 | O19: =H19-G19 | P19: =O19-I19 | Q19: =$G19/(1-$D$4-$Q$9) | R19: =Q19*$D$4 | S19: =Q19-$G19-R19 | T19: =S19/Q19 | U19: =Q19*$D$6 | V19: =$G19/(1-$D$4-$V$9) | W19: =V19*$D$4 | X19: =V19-$G19-W19 | Y19: =X19/V19 | Z19: =V19*$D$6 | AA19: =$G19/(1-$D$4-$AA$9) | AB19: =AA19*$D$4 | AC19: =AA19-$G19-AB19 | AD19: =AC19/AA19 | AE19: =AA19*$D$6 | AF19: =$G19/(1-$D$4-$AF$9) | AG19: =AF19*$D$4 | AH19: =AF19-$G19-AG19 | AI19: =AH19/AF19 | AJ19: =AF19*$D$6
A20: 10 | B20: TMK Thailand / KOKIRI | C20: TMK — KOKIRI Wow 12 г | D20: KOKIRI Wow — Wow SEAWEED Original | E20: 12 | F20: =IF($D$2="Найдешевший",MIN(СС_база!$E13:$H13),INDEX(СС_база!$E13:$H13,1,MATCH($D$2,СС_база!$E$3:$H$3,0))) | G20: =IF(AND(ISNUMBER(F20),ISNUMBER($D$8)),F20*$D$3,NA()) | H20: =G20/$D$8 | I20: =H20*$D$4 | J20: =H20-G20-I20 | K20: =J20/H20 | L20: =H20*$D$6 | M20: =G20/(1-$D$4) | N20: =M20*$D$6 | O20: =H20-G20 | P20: =O20-I20 | Q20: =$G20/(1-$D$4-$Q$9) | R20: =Q20*$D$4 | S20: =Q20-$G20-R20 | T20: =S20/Q20 | U20: =Q20*$D$6 | V20: =$G20/(1-$D$4-$V$9) | W20: =V20*$D$4 | X20: =V20-$G20-W20 | Y20: =X20/V20 | Z20: =V20*$D$6 | AA20: =$G20/(1-$D$4-$AA$9) | AB20: =AA20*$D$4 | AC20: =AA20-$G20-AB20 | AD20: =AC20/AA20 | AE20: =AA20*$D$6 | AF20: =$G20/(1-$D$4-$AF$9) | AG20: =AF20*$D$4 | AH20: =AF20-$G20-AG20 | AI20: =AH20/AF20 | AJ20: =AF20*$D$6
A21: 11 | B21: TMK Thailand / KOKIRI | C21: TMK — KOKIRI Wow 12 г | D21: KOKIRI Wow — Wow SEAWEED Spicy | E21: 12 | F21: =IF($D$2="Найдешевший",MIN(СС_база!$E14:$H14),INDEX(СС_база!$E14:$H14,1,MATCH($D$2,СС_база!$E$3:$H$3,0))) | G21: =IF(AND(ISNUMBER(F21),ISNUMBER($D$8)),F21*$D$3,NA()) | H21: =G21/$D$8 | I21: =H21*$D$4 | J21: =H21-G21-I21 | K21: =J21/H21 | L21: =H21*$D$6 | M21: =G21/(1-$D$4) | N21: =M21*$D$6 | O21: =H21-G21 | P21: =O21-I21 | Q21: =$G21/(1-$D$4-$Q$9) | R21: =Q21*$D$4 | S21: =Q21-$G21-R21 | T21: =S21/Q21 | U21: =Q21*$D$6 | V21: =$G21/(1-$D$4-$V$9) | W21: =V21*$D$4 | X21: =V21-$G21-W21 | Y21: =X21/V21 | Z21: =V21*$D$6 | AA21: =$G21/(1-$D$4-$AA$9) | AB21: =AA21*$D$4 | AC21: =AA21-$G21-AB21 | AD21: =AC21/AA21 | AE21: =AA21*$D$6 | AF21: =$G21/(1-$D$4-$AF$9) | AG21: =AF21*$D$4 | AH21: =AF21-$G21-AG21 | AI21: =AH21/AF21 | AJ21: =AF21*$D$6
A22: 12 | B22: TMK Thailand / KOKIRI | C22: TMK — KOKIRI Wow 12 г | D22: KOKIRI Wow — Wow SEAWEED Squid | E22: 12 | F22: =IF($D$2="Найдешевший",MIN(СС_база!$E15:$H15),INDEX(СС_база!$E15:$H15,1,MATCH($D$2,СС_база!$E$3:$H$3,0))) | G22: =IF(AND(ISNUMBER(F22),ISNUMBER($D$8)),F22*$D$3,NA()) | H22: =G22/$D$8 | I22: =H22*$D$4 | J22: =H22-G22-I22 | K22: =J22/H22 | L22: =H22*$D$6 | M22: =G22/(1-$D$4) | N22: =M22*$D$6 | O22: =H22-G22 | P22: =O22-I22 | Q22: =$G22/(1-$D$4-$Q$9) | R22: =Q22*$D$4 | S22: =Q22-$G22-R22 | T22: =S22/Q22 | U22: =Q22*$D$6 | V22: =$G22/(1-$D$4-$V$9) | W22: =V22*$D$4 | X22: =V22-$G22-W22 | Y22: =X22/V22 | Z22: =V22*$D$6 | AA22: =$G22/(1-$D$4-$AA$9) | AB22: =AA22*$D$4 | AC22: =AA22-$G22-AB22 | AD22: =AC22/AA22 | AE22: =AA22*$D$6 | AF22: =$G22/(1-$D$4-$AF$9) | AG22: =AF22*$D$4 | AH22: =AF22-$G22-AG22 | AI22: =AH22/AF22 | AJ22: =AF22*$D$6
... A38: 28 | B38: HanJin / ZEK (Китай) | C38: HanJin — ZEK 70 г | D38: ZEK — Seaweed Topping Chicken · 70 г | E38: 70 | F38: =IF($D$2="Найдешевший",MIN(СС_база!$E31:$H31),INDEX(СС_база!$E31:$H31,1,MATCH($D$2,СС_база!$E$3:$H$3,0))) | G38: =IF(AND(ISNUMBER(F38),ISNUMBER($D$8)),F38*$D$3,NA()) | H38: =G38/$D$8 | I38: =H38*$D$4 | J38: =H38-G38-I38 | K38: =J38/H38 | L38: =H38*$D$6 | M38: =G38/(1-$D$4) | N38: =M38*$D$6 | O38: =H38-G38 | P38: =O38-I38 | Q38: =$G38/(1-$D$4-$Q$9) | R38: =Q38*$D$4 | S38: =Q38-$G38-R38 | T38: =S38/Q38 | U38: =Q38*$D$6 | V38: =$G38/(1-$D$4-$V$9) | W38: =V38*$D$4 | X38: =V38-$G38-W38 | Y38: =X38/V38 | Z38: =V38*$D$6 | AA38: =$G38/(1-$D$4-$AA$9) | AB38: =AA38*$D$4 | AC38: =AA38-$G38-AB38 | AD38: =AC38/AA38 | AE38: =AA38*$D$6 | AF38: =$G38/(1-$D$4-$AF$9) | AG38: =AF38*$D$4 | AH38: =AF38-$G38-AG38 | AI38: =AH38/AF38 | AJ38: =AF38*$D$6

Sheet СС_база
B1: Собівартість із розрахункових аркушів Self-Cost_Snacks.xlsx (SelfCost, курс 45 грн/$)
E2: СОБІВАРТІСТЬ, $ / уп. | I2: СОБІВАРТІСТЬ SELF_COST, грн / уп.
A3: Производитель | B3: Група | C3: Позиція | D3: Вага, г | E3: 20ф | F3: 40ф | G3: Збірний 17 м³ | H3: Збірний 34 м³ | I3: 20ф | J3: 40ф | K3: Збірний 17 м³ | L3: Збірний 34 м³
A4: Singha Kameda (Таїланд) | B4: Singha Kameda — Arare Norimaki 42 г | C4: Arare Norimaki — Arare Norimaki Original | D4: 42 | E4: 1.3591 | F4: 1.2145 | G4: 1.3776 | H4: 1.2554 | I4: 61.16 | J4: 54.65 | K4: 61.99 | L4: 56.49
A5: Singha Kameda (Таїланд) | B5: Singha Kameda — Arare Norimaki 42 г | C5: Arare Norimaki — Arare Norimaki Wasabi | D5: 42 | E5: 1.3591 | F5: 1.2145 | G5: 1.3776 | H5: 1.2554 | I5: 61.16 | J5: 54.65 | K5: 61.99 | L5: 56.49
A6: Thai-Nichi (Таїланд) | B6: Thai-Nichi — Mizuho Norimaki 50 г | C6: Mizuho · Norimaki — Norimaki Original | D6: 50 | E6: 1.0875 | F6: 0.9443 | G6: 1.0665 | H6: 0.9764 | I6: 48.94 | J6: 42.49 | K6: 47.99 | L6: 43.94
A7: Thai-Nichi (Таїланд) | B7: Thai-Nichi — Mizuho Norimaki 55 г | C7: Mizuho · Norimaki — Norimaki Wasabi | D7: 55 | E7: 1.3593 | F7: 1.1421 | G7: 1.3332 | H7: 1.2205 | I7: 61.17 | J7: 51.39 | K7: 59.99 | L7: 54.92
A8: TMK Thailand / KOKIRI | B8: TMK — KOKIRI Wow 2,5 г | C8: KOKIRI Wow — Wow ROLL Original | D8: 2.5 | E8: 0.2663 | F8: 0.2113 | G8: 0.2691 | H8: 0.2361 | I8: 11.98 | J8: 9.51 | K8: 12.11 | L8: 10.62
A9: TMK Thailand / KOKIRI | B9: TMK — KOKIRI Wow 2,5 г | C9: KOKIRI Wow — Wow ROLL Hot Spicy | D9: 2.5 | E9: 0.2663 | F9: 0.2113 | G9: 0.2691 | H9: 0.2361 | I9: 11.98 | J9: 9.51 | K9: 12.11 | L9: 10.62
A10: TMK Thailand / KOKIRI | B10: TMK — KOKIRI Wow 2,5 г | C10: KOKIRI Wow — Wow ROLL Spicy Squid | D10: 2.5 | E10: 0.2663 | F10: 0.2113 | G10: 0.2691 | H10: 0.2361 | I10: 11.98 | J10: 9.51 | K10: 12.11 | L10: 10.62
A11: TMK Thailand / KOKIRI | B11: TMK — KOKIRI Wow 5 г | C11: KOKIRI Wow — Wow DOUBLE ROLL Original | D11: 5 | E11: 0.4758 | F11: 0.3793 | G11: 0.4808 | H11: 0.4218 | I11: 21.41 | J11: 17.07 | K11: 21.64 | L11: 18.98
A12: TMK Thailand / KOKIRI | B12: TMK — KOKIRI Wow 5 г | C12: KOKIRI Wow — Wow DOUBLE ROLL Hot Spicy | D12: 5 | E12: 0.4758 | F12: 0.3793 | G12: 0.4808 | H12: 0.4218 | I12: 21.41 | J12: 17.07 | K12: 21.64 | L12: 18.98
A13: TMK Thailand / KOKIRI | B13: TMK — KOKIRI Wow 12 г | C13: KOKIRI Wow — Wow SEAWEED Original | D13: 12 | E13: 0.9799 | F13: 0.7748 | G13: 0.9903 | H13: 0.8688 | I13: 44.1 | J13: 34.86 | K13: 44.56 | L13: 39.09
A14: TMK Thailand / KOKIRI | B14: TMK — KOKIRI Wow 12 г | C14: KOKIRI Wow — Wow SEAWEED Spicy | D14: 12 | E14: 0.9799 | F14: 0.7748 | G14: 0.9903 | H14: 0.8688 | I14: 44.1 | J14: 34.86 | K14: 44.56 | L14: 39.09
A15: TMK Thailand / KOKIRI | B15: TMK — KOKIRI Wow 12 г | C15: KOKIRI Wow — Wow SEAWEED Squid | D15: 12 | E15: 0.9799 | F15: 0.7748 | G15: 0.9903 | H15: 0.8688 | I15: 45.07 | J15: 35.64 | K15: 45.55 | L15: 39.96
... A31: HanJin / ZEK (Китай) | B31: HanJin — ZEK 70 г | C31: ZEK — Seaweed Topping Chicken · 70 г | D31: 70 | E31: 1.811 | F31: 1.4192 | G31: 1.596 | H31: 1.5789 | I31: 81.49 | J31: 63.86 | K31: 71.82 | L31: 71.05
